name,value
UB_Corpse.MeleeAutoAttack.MaxRange, 400
UB_Corpse.MeleeAutoAttack.Cooldown, 1.5
UB_DeadeyeArbalest.RangedAutoAttack.AgilityCoefficient, 1.0
UB_DeadeyeArbalest.RangedAutoAttack.MaxRange, 1500.0
UB_DeadeyeArbalest.RangedAutoAttack.Cooldown, 2.0
UB_DeadeyeArbalest.LineAttack.InitialMinCooldown, 6.0
UB_DeadeyeArbalest.LineAttack.InitialMaxCooldown, 12.0
UB_DeadeyeArbalest.LineAttack.Cooldown, 16.0
UB_DeadeyeArbalest.LineAttack.PostAbilityPadding, 0.0
UB_DeadeyeArbalest.LineAttack.CastTime, 3.0
UB_DeadeyeArbalest.LineAttack.StopTrackingMargin, 0.4 ; For this amount of time before casting ends we stop rotating towards our target.
UB_DeadeyeArbalest.LineAttack.AgilityCoefficient, 7.5
UB_DeadeyeArbalest.LineAttack.MaxRange, 2000.0
UB_DeadeyeArbalest.LineAttack.Length, 3000.0
UB_DeadeyeArbalest.LineAttack.Width, 180.0
UB_DeadeyeArbalest.LineAttack.Debuff.Duration, 12.0
UB_DeadeyeArbalest.LineAttack.Debuff.DodgeMultiplier, 0.75
UB_DeadeyeArbalest.LineAttack.Debuff.ParryMultiplier, 0.75
UB_DeadeyeArbalest.LineAttack.Debuff.BlockMultiplier, 0.75
UB_DeadeyeArbalest.LineAttack.Debuff.MainStatMultiplier, 0.75
UB_ReanimatedArcher.RangedAutoAttack.AgilityCoefficient, 1.0
UB_ReanimatedArcher.RangedAutoAttack.Spread, 0.2
UB_ReanimatedArcher.RangedAutoAttack.MaxRange, 3000.0
UB_ReanimatedArcher.RangedAutoAttack.MinCooldown, 2.5
UB_ReanimatedArcher.RangedAutoAttack.MaxCooldown, 2.5
UB_ReanimatedArcher.Volley.InitialMinCooldown, 7.5
UB_ReanimatedArcher.Volley.InitialMaxCooldown, 15.0
UB_ReanimatedArcher.Volley.MinCooldown, 15.0
UB_ReanimatedArcher.Volley.MaxCooldown, 15.0
UB_ReanimatedArcher.Volley.CastTime, 2.0
UB_ReanimatedArcher.Volley.MaxRange, 3000.0
UB_ReanimatedArcher.Volley.Aoe.Radius, 300.0
UB_ReanimatedArcher.Volley.Aoe.Duration, 1.0
UB_ReanimatedArcher.Volley.Aoe.AgilityCoefficient, 1.125
UB_ReanimatedArcher.Volley.Aoe.Spread, 0.2
UB_ReanimatedArcher.Volley.Aoe.TickInterval, 0.16
UB_BossSiegeGraveyard.MeleeAutoAttack.StrengthCoefficient, 2.5
UB_BossSiegeGraveyard.MeleeAutoAttack.Spread, 0.2
UB_BossSiegeGraveyard.MeleeAutoAttack.MaxRange, 500.0
UB_BossSiegeGraveyard.MeleeAutoAttack.MinCooldown, 3.2
UB_BossSiegeGraveyard.MeleeAutoAttack.MaxCooldown, 3.2
UB_BossSiegeGraveyard.CastHomingProjectileSpawnCorpse.CastingDuration, 1.5
UB_BossSiegeGraveyard.CastHomingProjectileSpawnCorpse.InitialMinCooldown, 10.0
UB_BossSiegeGraveyard.CastHomingProjectileSpawnCorpse.InitialMaxCooldown, 10.0
UB_BossSiegeGraveyard.CastHomingProjectileSpawnCorpse.MinCooldown, 6.0
UB_BossSiegeGraveyard.CastHomingProjectileSpawnCorpse.MaxCooldown, 6.0
UB_BossSiegeGraveyard.CastHomingProjectileSpawnCorpse.MaxRange, 5000.0
UB_BossSiegeGraveyard.CastHomingProjectileSpawnCorpse.Projectile.StrengthCoefficient, 1.00
UB_BossSiegeGraveyard.CastHomingProjectileSpawnCorpse.Projectile.Spread, 0.2
UB_BossSiegeGraveyard.TriggerNearbyCorpseAOE.CorpseAcquisitionDistance, 2000.0 ; bodies within this distance will explode
UB_BossSiegeGraveyard.TriggerNearbyCorpseAOE.CastingDuration, 3.0
UB_BossSiegeGraveyard.TriggerNearbyCorpseAOE.InitialMinCooldown, 25.0 ;
UB_BossSiegeGraveyard.TriggerNearbyCorpseAOE.InitialMaxCooldown, 25.0 ;
UB_BossSiegeGraveyard.TriggerNearbyCorpseAOE.MinCooldown, 20.0
UB_BossSiegeGraveyard.TriggerNearbyCorpseAOE.MaxCooldown, 20.0
UB_BossSiegeGraveyard.TriggerNearbyCorpseAOE.Explosion.Radius, 500.0
UB_BossSiegeGraveyard.TriggerNearbyCorpseAOE.Explosion.StrengthCoefficient, 5.00
UB_BossSiegeGraveyard.TriggerNearbyCorpseAOE.Explosion.Spread, 0.2
UB_BossSiegeGraveyard.TriggerNearbyCorpseAOE.Explosion.MaxCount, 5.0
UB_BossSiegeGraveyard.TriggerNearbyCorpseAOE.UnavoidableDamage.Radius, 5000.0
UB_BossSiegeGraveyard.TriggerNearbyCorpseAOE.UnavoidableDamage.StrengthCoefficient, 2.0
UB_BossSiegeGraveyard.TriggerNearbyCorpseAOE.UnavoidableDamage.Spread, 0.2
UB_BossSiegeGraveyard.SpawnAddPassive.NumAdds, 0.0 ; the amount of adds that get spawned (shown as stacks) on top of the enemy. Reduce this number means less adds spawn across the health pool of this enemy; so changing this to 5 stacks means every 20% health an add spawns  
UB_BossMarcassCree.DoNotStandAlone.PlayerAoeRadius, 500.0
UB_BossMarcassCree.DoNotStandAlone.ValidateAoeRadius, 5000.0
UB_BossMarcassCree.DoNotStandAlone.CountdownDuration, 3.0
UB_BossMarcassCree.DoNotStandAlone.InitialDelay, 3.0
UB_BossMarcassCree.DoNotStandAlone.ReapplyDelay, 5.0 ; This is a grace period applied after CountdownDuration before they gain the DoNotStandAlone debuff again.
UB_BossMarcassCree.DoNotStandAlone.EdgeMargin, 500.0
UB_BossMarcassCree.Minion.LeapDistance, 1000.0
UB_BossMarcassCree.Minion.LeapTime, 0.5
UB_BossMarcassCree.Minion.LeapMaxHeight, 0.5 ; Idk exactly what metrix this is so tweek with caution
UB_BossMarcassCree.Minion.Stun.Duration, 2.0
UB_BossMarcassCree.Minion.AttackDuration, 3.0 ; After jumping and applying the stun the minion will attack for this long before disappearing again.
UB_BossMarcassCree.Minion.Bleed.Duration, 10.0
UB_BossMarcassCree.Minion.Bleed.TickRate, 1.0
UB_BossMarcassCree.Minion.Bleed.StrengthCoefficient, 1.0
UB_BossMarcassCree.Minion.MeleeAutoAttack.StrengthCoefficient, 1.0
UB_BossMarcassCree.Minion.MeleeAutoAttack.MinCooldown, 1.5
UB_BossMarcassCree.Minion.MeleeAutoAttack.MaxCooldown, 1.5
UB_BossMarcassCree.Minion.MeleeAutoAttack.MaxRange, 500.0
UB_BossMarcassCree.Minion.MeleeAutoAttack.Spread, 0.2 
UB_BossMarcassCree.Minion.ChanneledAttack.InitialMinCooldown, 0.4
UB_BossMarcassCree.Minion.ChanneledAttack.InitialMaxCooldown, 0.4
UB_BossMarcassCree.Minion.ChanneledAttack.MaxRange, 650.0
UB_BossMarcassCree.Minion.ChanneledAttack.StrengthCoefficient, 1.0
UB_BossMarcassCree.Minion.ChanneledAttack.Spread, 0.2 
UB_BossMarcassCree.Minion.ChanneledAttack.TickInterval, 0.8
UB_BossMarcassCree.FrontalCone.StrengthCoefficient, 1.5
UB_BossMarcassCree.FrontalCone.Spread, 0.2
UB_BossMarcassCree.FrontalCone.InitialMinCooldown, 12.0
UB_BossMarcassCree.FrontalCone.InitialMaxCooldown, 12.0
UB_BossMarcassCree.FrontalCone.MinCooldown, 12.0
UB_BossMarcassCree.FrontalCone.MaxCooldown, 12.0
UB_BossMarcassCree.FrontalCone.MaxRange, 5000.0
UB_BossMarcassCree.FrontalCone.Radius, 5000.0
UB_BossMarcassCree.FrontalCone.ForwardOffset, 150.0
UB_BossMarcassCree.FrontalCone.Angle, 45.0
UB_BossMarcassCree.FrontalCone.CastTime, 3.0 
UB_BossMarcassCree.FrontalCone.Dot.Duration, 15.0
UB_BossMarcassCree.FrontalCone.Dot.StrengthCoefficient, 0.3125
UB_BossMarcassCree.FrontalCone.Dot.Spread, 0.2
UB_BossMarcassCree.FrontalCone.Dot.TickInterval, 0.333
UB_BossMarcassCree.MeleeAutoAttack.StrengthCoefficient, 2.5
UB_BossMarcassCree.MeleeAutoAttack.Spread, 0.2
UB_BossMarcassCree.MeleeAutoAttack.MinCooldown, 3.0
UB_BossMarcassCree.MeleeAutoAttack.MaxCooldown, 3.0
UB_BossMarcassCree.MeleeAutoAttack.MaxRange, 500.0
UB_BossMarcassCree.MeleeAutoAttack.Cleave.MinRadius, 50.0
UB_BossMarcassCree.MeleeAutoAttack.Cleave.MaxRadius, 700.0 ; How far the cleave reaches when the attack is done 
UB_BossMarcassCree.MeleeAutoAttack.Cleave.Angle, 120.0
UB_BossMarcassCree.MeleeAutoAttack.Cleave.Height, 600.0
UB_BossMarcassCree.CircleAoe.StrengthCoefficient, 3.0
UB_BossMarcassCree.CircleAoe.Spread, 0.2
UB_BossMarcassCree.CircleAoe.InitalMinCooldown, 20.0
UB_BossMarcassCree.CircleAoe.InitialMaxCooldown, 20.0
UB_BossMarcassCree.CircleAoe.MinCooldown, 20.0
UB_BossMarcassCree.CircleAoe.MaxCooldown, 20.0
UB_BossMarcassCree.CircleAoe.Radius, 1500.0
UB_BossMarcassCree.CircleAoe.CastTime, 4.0
UB_BossMarcassCree.ChasingCircles.StrengthCoefficient, 5.0
UB_BossMarcassCree.ChasingCircles.Spread, 0.2
UB_BossMarcassCree.ChasingCircles.InitialMinCooldown, 40.0
UB_BossMarcassCree.ChasingCircles.InitialMaxCooldown, 40.0
UB_BossMarcassCree.ChasingCircles.MinCooldown, 40.0
UB_BossMarcassCree.ChasingCircles.MaxCooldown, 40.0
UB_BossMarcassCree.ChasingCircles.ChannelDuration, 7.0
UB_BossMarcassCree.ChasingCircles.TickRate, 1.0
UB_BossMarcassCree.ChasingCircles.Radius, 200.0
UB_BossMarcassCree.CastedTankBuster.StrengthCoefficient, 3.0
UB_BossMarcassCree.CastedTankBuster.Spread, 0.2
UB_BossMarcassCree.CastedTankBuster.MaxRange, 500.0
UB_BossMarcassCree.CastedTankBuster.InitialMinCooldown, 15.0
UB_BossMarcassCree.CastedTankBuster.InitialMaxCooldown, 15.0
UB_BossMarcassCree.CastedTankBuster.MinCooldown, 15.0 
UB_BossMarcassCree.CastedTankBuster.MaxCooldown, 15.0
UB_BossMarcassCree.CastedTankBuster.CastTime, 1.0
UB_BossMarcassCree.CastedTankBuster.DebuffDamageIncreasePercentage, 0.5
UB_BossMarcassCree.CastedTankBuster.DebuffDuration, 20.0
UB_BossMarcassCree.PairUp.InitialMinCooldown, 30.0
UB_BossMarcassCree.PairUp.InitialMaxCooldown, 30.0
UB_BossMarcassCree.PairUp.MinCooldown, 30.0 
UB_BossMarcassCree.PairUp.MaxCooldown, 30.0
UB_BossMarcassCree.PairUp.MinPostAbilityPadding, 1.5
UB_BossMarcassCree.PairUp.MaxPostAbilityPadding, 1.5
UB_BossMarcassCree.PairUp.Radius, 5000.0
UB_BossMarcassCree.PairUp.CastTime, 2.0
UB_BossMarcassCree.PairUp.StrengthCoefficient, 0.3
UB_BossMarcassCree.PairUp.Spread, 0.2
UB_BossMarcassCree.PairUp.TickInterval, 2.0
UB_BossMarcassCree.PairUp.Duration, 12.0
UB_BossMarcassCree.PairUp.DistancePerStack, 200.0
UB_BossMarcassCree.PairUp.MaxStackCount, 40.0
UB_BossMarcassCree.Stampede.InitialMinCooldown, 12.0
UB_BossMarcassCree.Stampede.InitialMaxCooldown, 12.0
UB_BossMarcassCree.Stampede.MinCooldown, 20.0 
UB_BossMarcassCree.Stampede.MaxCooldown, 20.0
UB_BossMarcassCree.Stampede.MinPostAbilityPadding, 1.5
UB_BossMarcassCree.Stampede.MaxPostAbilityPadding, 1.5
UB_BossMarcassCree.Stampede.CastTime, 1.0
UB_BossMarcassCree.Stampede.MoveSpeed, 2500.0
UB_BossMarcassCree.Stampede.KnockbackStrength, 1000.0
UB_BossMarcassCree.Stampede.HitboxRadius, 125.0
UB_BossMarcassCree.Stampede.Bleed.StrengthCoefficient, 1.0
UB_BossMarcassCree.Stampede.Bleed.Spread, 0.2
UB_BossMarcassCree.Stampede.Bleed.TickInterval, 2.0
UB_BossMarcassCree.Stampede.Bleed.Duration, 12.0
UB_BossMarcassCree.ArrowRain.InitialMinCooldown, 20.0
UB_BossMarcassCree.ArrowRain.InitialMaxCooldown, 20.0
UB_BossMarcassCree.ArrowRain.MinCooldown, 30.0 
UB_BossMarcassCree.ArrowRain.MaxCooldown, 30.0
UB_BossMarcassCree.ArrowRain.MinPostAbilityPadding, 1.0
UB_BossMarcassCree.ArrowRain.MaxPostAbilityPadding, 1.0
UB_BossMarcassCree.ArrowRain.CastTime, 1.0
UB_BossMarcassCree.ArrowRain.ChannelingDuration, 5.2
UB_BossMarcassCree.ArrowRain.TickInterval, 2.0
UB_BossMarcassCree.ArrowRain.StrengthCoefficient, 0.8
UB_BossMarcassCree.ArrowRain.Spread, 0.2
UB_BossMarcassCree.CatAttack.InitialMinCooldown, 12.0
UB_BossMarcassCree.CatAttack.InitialMaxCooldown, 12.0
UB_BossMarcassCree.CatAttack.MinCooldown, 30.0 
UB_BossMarcassCree.CatAttack.MaxCooldown, 30.0
UB_BossMarcassCree.CatAttack.MinPostAbilityPadding, 0.8
UB_BossMarcassCree.CatAttack.MaxPostAbilityPadding, 0.8
UB_BossMarcassCree.CatAttack.MaxRange, 3000.0
UB_BossMarcassCree.CatAttack.CastTime, 2.0
UB_NecroticMass.SpawnAbility.Explosion.Radius, 900.0
UB_NecroticMass.SpawnAbility.Explosion.StrengthCoefficient, 3.0
UB_NecroticMass.SpawnAbility.Explosion.Spread, 0.2
UB_NecroticMass.DebuffAuraPassive.AuraRange, 2000.0
UB_NecroticMass.DebuffAuraPassive.Debuff.Duration, 10.0
UB_NecroticMass.DebuffAuraPassive.Debuff.ApplicationPeriod, 1.5 ; how quickly an additional stack is added while standing in the aura
UB_NecroticMass.DebuffAuraPassive.Debuff.IncomingDamageMultiplierPerStack, 1.01
UB_NecroticMass.ReviveAndKeepAliveAuraPassive.AuraRange, 2000.0 		; CUT ability and replaced with CastedReviveAndConvert
UB_NecroticMass.ReviveAndKeepAliveAuraPassive.Buff.MinHealth, 1.0 		; CUT ability and replaced with CastedReviveAndConvert
UB_NecroticMass.CastedReviveAndConvert.InitialMinCooldown, 0.01
UB_NecroticMass.CastedReviveAndConvert.InitialMaxCooldown, 0.01
UB_NecroticMass.CastedReviveAndConvert.MinCooldown, 0.5
UB_NecroticMass.CastedReviveAndConvert.MaxCooldown, 0.5
UB_NecroticMass.CastedReviveAndConvert.Radius, 2000.0
UB_NecroticMass.CastedReviveAndConvert.CastingDuration, 20.0
UB_NecroticMass.CastedReviveAndConvert.QuickCastingDuration," 3.0 ; Triggered when the spawn method is ""fall when close"" and it has not casted a revive before."
UB_NecroticMass.CastedReviveAndConvert.MaxCount, 5.0
UB_RaisedKnight.MeleeAutoAttack.StrengthCoefficient, 1.0
UB_RaisedKnight.MeleeAutoAttack.Spread, 0.2
UB_RaisedKnight.MeleeAutoAttack.MaxRange, 500.0
UB_RaisedKnight.MeleeAutoAttack.MinCooldown, 2.2
UB_RaisedKnight.MeleeAutoAttack.MaxCooldown, 2.2
UB_RaisedKnight.FrontalCone.StrengthCoefficient, 2.5
UB_RaisedKnight.FrontalCone.Spread, 0.2
UB_RaisedKnight.FrontalCone.MaxRange, 750.0
UB_RaisedKnight.FrontalCone.MinCooldown, 7
UB_RaisedKnight.FrontalCone.MaxCooldown, 11
UB_RaisedKnight.FrontalCone.InitialMinCooldown, 9.0
UB_RaisedKnight.FrontalCone.InitialMaxCooldown, 9.0
UB_RaisedKnight.FrontalCone.MinRadius, 0.0
UB_RaisedKnight.FrontalCone.MaxRadius, 800.0
UB_RaisedKnight.FrontalCone.Height, 500.0
UB_RaisedKnight.FrontalCone.Angle, 45.0
UB_RaisedKnight.FrontalCone.CastTime, 2.0
UB_RaisedKnight.FrontalCone.Debuff.DamageTakenMultiplier, 1.25
UB_RaisedKnight.FrontalCone.Debuff.Duration, 6.0
UB_DefendingKnight.MeleeAutoAttack.StrengthCoefficient, 1.0
UB_DefendingKnight.MeleeAutoAttack.Spread, 0.2
UB_DefendingKnight.MeleeAutoAttack.MaxRange, 500.0
UB_DefendingKnight.MeleeAutoAttack.MinCooldown, 2.2
UB_DefendingKnight.MeleeAutoAttack.MaxCooldown, 2.2
UB_DefendingKnight.FrontalCone.StrengthCoefficient, 1.8
UB_DefendingKnight.FrontalCone.Spread, 0.2
UB_DefendingKnight.FrontalCone.MaxRange, 750.0
UB_DefendingKnight.FrontalCone.MinCooldown, 60.0
UB_DefendingKnight.FrontalCone.MaxCooldown, 120.0
UB_DefendingKnight.FrontalCone.InitialMinCooldown, 120.0
UB_DefendingKnight.FrontalCone.InitialMaxCooldown, 120.0
UB_DefendingKnight.FrontalCone.MinRadius, 0.0
UB_DefendingKnight.FrontalCone.MaxRadius, 1500.0
UB_DefendingKnight.FrontalCone.Height, 500.0
UB_DefendingKnight.FrontalCone.Angle, 45.0
UB_DefendingKnight.FrontalCone.CastTime, 2.0
UB_DefendingKnight.FrontalCone.Debuff.DamageTakenMultiplier, 1.25
UB_DefendingKnight.FrontalCone.Debuff.Duration, 5.0
UB_DefendingKnight.ExitCombatBuff.Radius, 3000.0
UB_DefendingKnight.ExitCombatBuff.DamageMultiplier, 1.05
UB_DefendingKnight.ExitCombatBuff.Duration, 60.0
UB_DefendingArcher.RangedAutoAttack.AgilityCoefficient, 1.0
UB_DefendingArcher.RangedAutoAttack.Spread, 0.2
UB_DefendingArcher.RangedAutoAttack.MaxRange, 3000.0
UB_DefendingArcher.RangedAutoAttack.MinCooldown, 2.0
UB_DefendingArcher.RangedAutoAttack.MaxCooldown, 2.0
UB_DefendingArcher.Volley.InitialMinCooldown, 120.0
UB_DefendingArcher.Volley.InitialMaxCooldown, 120.0
UB_DefendingArcher.Volley.MinCooldown, 60.0
UB_DefendingArcher.Volley.MaxCooldown, 120.0
UB_DefendingArcher.Volley.CastTime, 1.5
UB_DefendingArcher.Volley.MaxRange, 3000.0
UB_DefendingArcher.Volley.Aoe.Radius, 500.0
UB_DefendingArcher.Volley.Aoe.Duration, 6.0
UB_DefendingArcher.Volley.Aoe.AgilityCoefficient, 1.5
UB_DefendingArcher.Volley.Aoe.Spread, 0.2
UB_DefendingArcher.Volley.Aoe.TickInterval, 1.5
UB_DefendingArcher.ExitCombatBuff.Radius, 3000.0
UB_DefendingArcher.ExitCombatBuff.MoveSpeedMultiplier, 1.05
UB_DefendingArcher.ExitCombatBuff.Duration, 60.0
UB_DefendingCleric.MeleeAutoAttack.AgilityCoefficient, 1.0
UB_DefendingCleric.MeleeAutoAttack.Spread, 0.2
UB_DefendingCleric.MeleeAutoAttack.MaxRange, 500.0
UB_DefendingCleric.MeleeAutoAttack.MinCooldown, 2.2
UB_DefendingCleric.MeleeAutoAttack.MaxCooldown, 2.2
UB_DefendingCleric.CastedProjectile.InitialMinCooldown, 0.0
UB_DefendingCleric.CastedProjectile.InitialMaxCooldown, 0.0
UB_DefendingCleric.CastedProjectile.MinCooldown, 2.0
UB_DefendingCleric.CastedProjectile.MaxCooldown, 2.0
UB_DefendingCleric.CastedProjectile.MinPostAbilityPadding, 0.0
UB_DefendingCleric.CastedProjectile.MaxPostAbilityPadding, 0.0
UB_DefendingCleric.CastedProjectile.MaxRange, 3500.0
UB_DefendingCleric.CastedProjectile.CastTime, 2.0
UB_DefendingCleric.CastedProjectile.StrengthCoefficient, 1.5
UB_DefendingCleric.CastedProjectile.Spread, 0.2
UB_DefendingCleric.Heal.InitialMinCooldown, 120.0
UB_DefendingCleric.Heal.InitialMaxCooldown, 120.0
UB_DefendingCleric.Heal.MinCooldown, 60.0
UB_DefendingCleric.Heal.MaxCooldown, 120.0
UB_DefendingCleric.Heal.MinPostAbilityPadding, 0.5
UB_DefendingCleric.Heal.MaxPostAbilityPadding, 0.5
UB_DefendingCleric.Heal.ActivationHealthPercent, 0.5
UB_DefendingCleric.Heal.ActivationMaxRange, 500.0
UB_DefendingCleric.Heal.Radius, 800.0
UB_DefendingCleric.Heal.Duration, 6.0
UB_DefendingCleric.Heal.IntellectCoefficient, 1.0
UB_DefendingCleric.Heal.Spread, 0.2
UB_DefendingCleric.Heal.TickInterval, 1.0
UB_DefendingCleric.ExitCombatBuff.Radius, 3000.0
UB_DefendingCleric.ExitCombatBuff.Duration, 60.0
UB_DefendingCleric.ExitCombatBuff.IntellectCoefficient, 1.0
UB_DefendingCleric.ExitCombatBuff.Spread, 0.2
UB_DefendingCleric.ExitCombatBuff.TickInterval, 3.0
UB_FerventSoldier.MeleeAutoAttack.StrengthCoefficient, 1.18
UB_FerventSoldier.MeleeAutoAttack.MaxRange, 400.0
UB_FerventSoldier.MeleeAutoAttack.Cooldown, 2.25
UB_FerventSoldier.MeleeAutoAttack.Buff.HasteGainPerStack, 0.02
UB_FerventSoldier.MeleeAutoAttack.Buff.Duration, 3.0
UB_FerventSoldier.MeleeAutoAttack.Buff.MaxStackCount, 15.0
UB_SoulstainedShambler.MeleeAutoAttack.StrengthCoefficient, 2.0
UB_SoulstainedShambler.MeleeAutoAttack.Spread, 0.2
UB_SoulstainedShambler.MeleeAutoAttack.MaxRange, 500.0
UB_SoulstainedShambler.MeleeAutoAttack.MinCooldown, 2.5
UB_SoulstainedShambler.MeleeAutoAttack.MaxCooldown, 2.5 
UB_SoulstainedShambler.Crumbling.Debuff.Tickrate, 2.0
UB_SoulstainedShambler.Crumbling.Debuff.Duration, 20.0 ; Essentially its lifetime after taking damage; the longer the duration the less damage it ticks for (it ticks its total life as damage over the duration)
UB_SoulstainedIncinerator.MeleeAutoAttack.StrengthCoefficient, 1.0
UB_SoulstainedIncinerator.MeleeAutoAttack.Spread, 0.2
UB_SoulstainedIncinerator.MeleeAutoAttack.MaxRange, 500.0
UB_SoulstainedIncinerator.MeleeAutoAttack.MinCooldown, 2.0
UB_SoulstainedIncinerator.MeleeAutoAttack.MaxCooldown, 2.0 
UB_SoulstainedIncinerator.CastedRangedProjectile.IntellectCoefficient, 2.0
UB_SoulstainedIncinerator.CastedRangedProjectile.Spread, 0.2
UB_SoulstainedIncinerator.CastedRangedProjectile.MaxRange, 3000.0
UB_SoulstainedIncinerator.CastedRangedProjectile.InitialMinCooldown, 2.0
UB_SoulstainedIncinerator.CastedRangedProjectile.InitialMaxCooldown, 2.0
UB_SoulstainedIncinerator.CastedRangedProjectile.MinCancelCooldown, 2.0
UB_SoulstainedIncinerator.CastedRangedProjectile.MaxCancelCooldown, 2.0
UB_SoulstainedIncinerator.CastedRangedProjectile.MinCooldown, 5.0
UB_SoulstainedIncinerator.CastedRangedProjectile.MaxCooldown, 5.0
UB_SoulstainedIncinerator.CastedRangedProjectile.CastTime, 2.0
UB_SoulstainedIncinerator.CastedTargetAoeCone.CastTime, 3
UB_SoulstainedIncinerator.CastedTargetAoeCone.MinRange, 0
UB_SoulstainedIncinerator.CastedTargetAoeCone.MaxRange, 1500.0
UB_SoulstainedIncinerator.CastedTargetAoeCone.InitialMinCooldown, 5.0
UB_SoulstainedIncinerator.CastedTargetAoeCone.InitialMaxCooldown, 5.0
UB_SoulstainedIncinerator.CastedTargetAoeCone.MinCooldown, 10.0
UB_SoulstainedIncinerator.CastedTargetAoeCone.MaxCooldown, 10.0
UB_SoulstainedIncinerator.CastedTargetAoeCone.TickInterval, 0.5
UB_SoulstainedIncinerator.CastedTargetAoeCone.IntellectCoefficientPerPulse, 2.5
UB_SoulstainedIncinerator.CastedTargetAoeCone.Spread, 0.2
UB_SoulstainedIncinerator.CastedTargetAoeCone.Angle, 15
UB_SoulstainedIncinerator.CastedTargetAoeCone.Duration, 0.9
UB_SoulstainedIncinerator.MeleeDot.InitialMinCooldown, 8.0
UB_SoulstainedIncinerator.MeleeDot.InitialMaxCooldown, 11.0
UB_SoulstainedIncinerator.MeleeDot.MinCooldown, 15.0
UB_SoulstainedIncinerator.MeleeDot.MaxCooldown, 15.0
UB_SoulstainedIncinerator.MeleeDot.MinPostAbilityPadding, 1.0
UB_SoulstainedIncinerator.MeleeDot.MaxPostAbilityPadding, 1.0
UB_SoulstainedIncinerator.MeleeDot.MaxRange, 600.0
UB_SoulstainedIncinerator.MeleeDot.CastTime, 1.5
UB_SoulstainedIncinerator.MeleeDot.Dot.TickInterval, 2.0 
UB_SoulstainedIncinerator.MeleeDot.Dot.Duration, 16.0
UB_SoulstainedIncinerator.MeleeDot.Dot.StrengthCoefficient, 1.0
UB_SoulstainedIncinerator.MeleeDot.Dot.Spread, 0.2
UB_SoulstainedIncinerator.FireRing.InitialMinCooldown, 12.0
UB_SoulstainedIncinerator.FireRing.InitialMaxCooldown, 16.0
UB_SoulstainedIncinerator.FireRing.MinCooldown, 12.0
UB_SoulstainedIncinerator.FireRing.MaxCooldown, 12.0
UB_SoulstainedIncinerator.FireRing.MinPostAbilityPadding, 1.0
UB_SoulstainedIncinerator.FireRing.MaxPostAbilityPadding, 1.0
UB_SoulstainedIncinerator.FireRing.MaxRange, 3000.0
UB_SoulstainedIncinerator.FireRing.CastTime, 2.0
UB_SoulstainedIncinerator.FireRing.Ring.Duration, 6.0
UB_SoulstainedIncinerator.FireRing.Ring.Radius, 500.0
UB_SoulstainedIncinerator.FireRing.Dot.TickInterval, 1.0
UB_SoulstainedIncinerator.FireRing.Dot.StrengthCoefficient, 1.0
UB_SoulstainedIncinerator.FireRing.Dot.Spread, 0.2
UB_SoulstainedIncinerator.FireRing.Dot.Duration, 6.0
UB_CarrionCollector.MeleeAutoAttack.StrengthCoefficient, 3.0
UB_CarrionCollector.MeleeAutoAttack.Spread, 0.2
UB_CarrionCollector.MeleeAutoAttack.MaxRange, 500.0
UB_CarrionCollector.MeleeAutoAttack.MinCooldown, 3.2
UB_CarrionCollector.MeleeAutoAttack.MaxCooldown, 3.2
UB_CarrionCollector.CastHomingProjectileSpawnCorpse.CastingDuration, 2.0
UB_CarrionCollector.CastHomingProjectileSpawnCorpse.InitialMinCooldown, 6.0
UB_CarrionCollector.CastHomingProjectileSpawnCorpse.InitialMaxCooldown, 9.0
UB_CarrionCollector.CastHomingProjectileSpawnCorpse.MinCooldown, 6.0
UB_CarrionCollector.CastHomingProjectileSpawnCorpse.MaxCooldown, 6.0
UB_CarrionCollector.CastHomingProjectileSpawnCorpse.MaxRange, 5000.0
UB_CarrionCollector.CastHomingProjectileSpawnCorpse.Projectile.StrengthCoefficient, 1.0
UB_CarrionCollector.CastHomingProjectileSpawnCorpse.Projectile.Spread, 0.2 
UB_CarrionCollector.TriggerNearbyCorpseAOE.CorpseAcquisitionDistance, 2000.0 ; bodies within this distance will explode
UB_CarrionCollector.TriggerNearbyCorpseAOE.CastingDuration, 2.5
UB_CarrionCollector.TriggerNearbyCorpseAOE.InitialMinCooldown, 16.0 ;32.0
UB_CarrionCollector.TriggerNearbyCorpseAOE.InitialMaxCooldown, 20.0 ;32.0
UB_CarrionCollector.TriggerNearbyCorpseAOE.MinCooldown, 15.0
UB_CarrionCollector.TriggerNearbyCorpseAOE.MaxCooldown, 15.0
UB_CarrionCollector.TriggerNearbyCorpseAOE.Explosion.Radius, 500
UB_CarrionCollector.TriggerNearbyCorpseAOE.Explosion.StrengthCoefficient, 4.00
UB_CarrionCollector.TriggerNearbyCorpseAOE.Explosion.Spread, 0.2 
UB_CarrionCollector.TriggerNearbyCorpseAOE.Explosion.MaxCount, 5.0
UB_CarrionCollector.TriggerNearbyCorpseAOE.UnavoidableDamage.Radius, 5000.0
UB_CarrionCollector.TriggerNearbyCorpseAOE.UnavoidableDamage.StrengthCoefficient, 2.0
UB_CarrionCollector.TriggerNearbyCorpseAOE.UnavoidableDamage.Spread, 0.2
UB_CarrionCollector.SpawnAddPassive.NumAdds, 8.0 ; the amount of adds that get spawned (shown as stacks) on top of the enemy. Reduce this number means less adds spawn across the health pool of this enemy; so changing this to 5 stacks means every 20% health an add spawns  
UB_CadavrianBannerman.MeleeAutoAttack.StrengthCoefficient, 1.0
UB_CadavrianBannerman.MeleeAutoAttack.Spread, 0.2
UB_CadavrianBannerman.MeleeAutoAttack.MaxRange, 500.0
UB_CadavrianBannerman.MeleeAutoAttack.MinCooldown, 2.7
UB_CadavrianBannerman.MeleeAutoAttack.MaxCooldown, 2.7
UB_CadavrianBannerman.ChargeTank.InitalMinCooldown, 0.7
UB_CadavrianBannerman.ChargeTank.InitalMaxCooldown, 0.7
UB_CadavrianBannerman.ChargeTank.MinCooldown, 8.0
UB_CadavrianBannerman.ChargeTank.MaxCooldown, 10.0
UB_CadavrianBannerman.ChargeTank.MaxRange, 3000.0
UB_CadavrianBannerman.ChargeTank.MinRange, 700.0
UB_CadavrianBannerman.ChargeTank.StrengthCoefficient, 4.0
UB_CadavrianBannerman.ChargeTank.DamageSpread, 0.2
UB_CadavrianBannerman.ChargeTank.ChargeDuration, 0.5
UB_CadavrianBannerman.ChargeTank.KnockbackStrength, 1500.0
UB_CadavrianBannerman.AoeStun.InitalMinCooldown, 8.0
UB_CadavrianBannerman.AoeStun.InitalMaxCooldown, 11.0
UB_CadavrianBannerman.AoeStun.MinCooldown, 22.0
UB_CadavrianBannerman.AoeStun.MaxCooldown, 22.0
UB_CadavrianBannerman.AoeStun.MinPostAbilityPadding, 1.5
UB_CadavrianBannerman.AoeStun.MaxPostAbilityPadding, 1.5
UB_CadavrianBannerman.AoeStun.CastTime, 2.2
UB_CadavrianBannerman.AoeStun.StunDuration, 1.8
UB_CadavrianBannerman.AoeStun.StrengthCoefficient, 5.2
UB_CadavrianBannerman.AoeStun.Spread, 0.2
UB_CadavrianBannerman.AoeStun.Radius, 800.0
UB_CadavrianBannerman.WarHorn.InitalMinCooldown, 13.0
UB_CadavrianBannerman.WarHorn.InitalMaxCooldown, 16.0
UB_CadavrianBannerman.WarHorn.MinCooldown, 30.0
UB_CadavrianBannerman.WarHorn.MaxCooldown, 30.0
UB_CadavrianBannerman.WarHorn.MinPostAbilityPadding, 1.0
UB_CadavrianBannerman.WarHorn.MaxPostAbilityPadding, 1.0
UB_CadavrianBannerman.WarHorn.CastTime, 3.0
UB_CadavrianBannerman.WarHorn.Duration, 30.0
UB_CadavrianBannerman.WarHorn.DamageMultiplier, 1.30
UB_CadavrianBannerman.WarHorn.Radius, 2000.0
UB_FallenCleric.MeleeAutoAttack.StrengthCoefficient, 1.0
UB_FallenCleric.MeleeAutoAttack.Spread, 0.2
UB_FallenCleric.MeleeAutoAttack.MaxRange, 500.0
UB_FallenCleric.MeleeAutoAttack.MinCooldown, 2.2
UB_FallenCleric.MeleeAutoAttack.MaxCooldown, 2.2
UB_FallenCleric.HealDebuff.InitialMinCooldown, 11.0
UB_FallenCleric.HealDebuff.InitialMaxCooldown, 14.0
UB_FallenCleric.HealDebuff.MinCooldown, 15.0
UB_FallenCleric.HealDebuff.MaxCooldown, 15.0
UB_FallenCleric.HealDebuff.MinPostAbilityPadding, 0.5
UB_FallenCleric.HealDebuff.MaxPostAbilityPadding, 0.5
UB_FallenCleric.HealDebuff.Radius, 3500.0
UB_FallenCleric.HealDebuff.Duration, 6.0
UB_FallenCleric.HealDebuff.IncomingHealMultiplier, 0.75
UB_FallenCleric.CastedProjectile.InitialMinCooldown, 6.0
UB_FallenCleric.CastedProjectile.InitialMaxCooldown, 9.0
UB_FallenCleric.CastedProjectile.MinCooldown, 15.0
UB_FallenCleric.CastedProjectile.MaxCooldown, 15.0
UB_FallenCleric.CastedProjectile.MinPostAbilityPadding, 0.5
UB_FallenCleric.CastedProjectile.MaxPostAbilityPadding, 0.5
UB_FallenCleric.CastedProjectile.MaxRange, 3500.0
UB_FallenCleric.CastedProjectile.CastTime, 5.0
UB_FallenCleric.CastedProjectile.StrengthCoefficient, 8.0
UB_FallenCleric.CastedProjectile.Spread, 0.2
UB_NightclawBreacher.MeleeAutoAttack.StrengthCoefficient, 2.15
UB_NightclawBreacher.MeleeAutoAttack.Spread, 0.2
UB_NightclawBreacher.MeleeAutoAttack.MaxRange, 500.0
UB_NightclawBreacher.MeleeAutoAttack.MinCooldown, 3.5
UB_NightclawBreacher.MeleeAutoAttack.MaxCooldown, 3.5
UB_NightclawBreacher.CastedAoeStun.CastTime, 3.0 ; this ability is not enabled
UB_NightclawBreacher.CastedAoeStun.StrengthCoefficient, 4.5
UB_NightclawBreacher.CastedAoeStun.Spread, 0.2
UB_NightclawBreacher.CastedAoeStun.Radius, 1000
UB_NightclawBreacher.CastedAoeStun.StunDuration, 3.0
UB_NightclawBreacher.CastedAoeStun.InitialMinCooldown, 12.0
UB_NightclawBreacher.CastedAoeStun.InitialMaxCooldown, 15.0
UB_NightclawBreacher.CastedAoeStun.MinCooldown, 20.0
UB_NightclawBreacher.CastedAoeStun.MaxCooldown, 20.0
UB_NightclawBreacher.Slam.InitialMinCooldown, 10.0
UB_NightclawBreacher.Slam.InitialMaxCooldown, 10.0
UB_NightclawBreacher.Slam.MinCooldown, 16.0
UB_NightclawBreacher.Slam.MaxCooldown, 20.0
UB_NightclawBreacher.Slam.MinPostAbilityPadding, 1.2
UB_NightclawBreacher.Slam.MaxPostAbilityPadding, 1.2
UB_NightclawBreacher.Slam.CastTime, 2.0
UB_NightclawBreacher.Slam.StrengthCoefficient, 10.0
UB_NightclawBreacher.Slam.Spread, 0.2
UB_NightclawBreacher.Slam.MaxRange, 600.0
UB_NightclawBreacher.ThrowRock.InitialMinCooldown, 3.0
UB_NightclawBreacher.ThrowRock.InitialMaxCooldown, 3.0
UB_NightclawBreacher.ThrowRock.MinCooldown, 9.0
UB_NightclawBreacher.ThrowRock.MaxCooldown, 12.0
UB_NightclawBreacher.ThrowRock.MinPostAbilityPadding, 1.2
UB_NightclawBreacher.ThrowRock.MaxPostAbilityPadding, 1.2
UB_NightclawBreacher.ThrowRock.CastTime, 1.5
UB_NightclawBreacher.ThrowRock.ProjectileSpawnDelay, 0.3
UB_NightclawBreacher.ThrowRock.RockDropDelay, 3.0 ; This is purely visual to know when to trigger VFX
UB_NightclawBreacher.ThrowRock.ImpactDelay, 3.05 ; This is when the damage is dealt
UB_NightclawBreacher.ThrowRock.MaxRange, 2000.0 ; Only start the cast on something closer than this
UB_NightclawBreacher.ThrowRock.MaxThrowRange, 5000.0 ; After cast the rock can only target things within this range
UB_NightclawBreacher.ThrowRock.StrengthCoefficient, 8.0
UB_NightclawBreacher.ThrowRock.Spread, 0.2
UB_NightclawBreacher.ThrowRock.Radius, 500.0
UB_NightclawBreacher.ThrowRock.StunDuration, 2.0
UB_NightclawBreacher.Fear.InitialMinCooldown, 20.0
UB_NightclawBreacher.Fear.InitialMaxCooldown, 24.0
UB_NightclawBreacher.Fear.MinCooldown, 22.0
UB_NightclawBreacher.Fear.MaxCooldown, 22.0
UB_NightclawBreacher.Fear.MinPostAbilityPadding, 1.2
UB_NightclawBreacher.Fear.MaxPostAbilityPadding, 1.2
UB_NightclawBreacher.Fear.CastTime, 3.0
UB_NightclawBreacher.Fear.Radius, 3000.0
UB_NightclawBreacher.Fear.Duration, 6.0
UB_NightclawBreacher.Fear.DamageThresholdScaler, 10.0 ; FearDamageThresholdScaler * Strength * DifficulyScaling
UB_BossWarMachine.MeleeAutoAttack.StrengthCoefficient, 2.50  
UB_BossWarMachine.MeleeAutoAttack.Spread, 0.2
UB_BossWarMachine.MeleeAutoAttack.MinCooldown, 2.5
UB_BossWarMachine.MeleeAutoAttack.MaxCooldown, 2.5
UB_BossWarMachine.MeleeAutoAttack.MaxRange, 2800.0  
UB_BossWarMachine.FireSweep.InitialMinCooldown, 12.0
UB_BossWarMachine.FireSweep.InitialMaxCooldown, 12.0
UB_BossWarMachine.FireSweep.MinCooldown, 19.0
UB_BossWarMachine.FireSweep.MaxCooldown, 19.0
UB_BossWarMachine.FireSweep.MinPostAbilityPadding, 2.0
UB_BossWarMachine.FireSweep.MaxPostAbilityPadding, 2.0
UB_BossWarMachine.FireSweep.CastTime, 1.5
UB_BossWarMachine.FireSweep.ChannelingDuration, 8.0
UB_BossWarMachine.FireSweep.LingerTime, 2.0
UB_BossWarMachine.FireSweep.Dot.StrengthCoefficient, 1.0
UB_BossWarMachine.FireSweep.Dot.Spread, 0.2
UB_BossWarMachine.FireSweep.Dot.TickInterval, 1.0
UB_BossWarMachine.AoeCircles.InitialMinCooldown, 60.0
UB_BossWarMachine.AoeCircles.InitialMaxCooldown, 60.0
UB_BossWarMachine.AoeCircles.MinCooldown, 32.0
UB_BossWarMachine.AoeCircles.MaxCooldown, 39.0
UB_BossWarMachine.AoeCircles.StrengthCoefficient, 2.00  
UB_BossWarMachine.AoeCircles.Spread, 0.2 
UB_BossWarMachine.AoeCircles.ActivationDelay, 1.5
UB_BossWarMachine.AoeCircles.BombRadius, 200
UB_BossWarMachine.AoeCircles.BombActivationDelay, 3.0
UB_BossWarMachine.AoeCircles.BombSpawnInterval, 0.05
UB_BossWarMachine.AoeCircles.BombSpawnDuration, 6.0	
UB_BossWarMachine.Dismount.HealthPercentageThreshhold, 0.9
UB_BossWarMachine.Dismount.BasePhaseDuration, 30.0					; This indicated how long the healing phase should be IF it's only being healed by this ability. If a bot manages to heal the WM then the actual duration would be lower
UB_BossWarMachine.Dismount.ChannelingTickInterval, 2.0
UB_BossOperator.MeleeAutoAttack.StrengthCoefficient, 2.50
UB_BossOperator.MeleeAutoAttack.Spread, 0.2
UB_BossOperator.MeleeAutoAttack.MaxRange, 500.0
UB_BossOperator.MeleeAutoAttack.MinCooldown, 1.0
UB_BossOperator.MeleeAutoAttack.MaxCooldown, 1.0
UB_BossOperator.Dismount.CastingDuration, 1.0
UB_BossOperator.Mount.CastingDuration, 5.0
UB_BossWarband.DamageIncreaseAura.Self.DamageScale, 1.1
UB_BossWarband.DamageIncreaseAura.Self.SizeScale, 1.25
UB_BossWarband.DamageIncreaseAura.Self.MaxHealthMultiplier, 1.875
UB_BossWarband.DamageIncreaseAura.Aura.DamageScale, 1.25
UB_BossWarband.DamageIncreaseAura.Aura.Radius, 1200.0
UB_BossWarband.BleedBuff.Self.DamageScale, 1.1
UB_BossWarband.BleedBuff.Self.SizeScale, 1.25
UB_BossWarband.BleedBuff.Self.MaxHealthMultiplier, 1.5
UB_BossWarband.BleedBuff.Dot.StrengthCoefficient, 0.5
UB_BossWarband.BleedBuff.Dot.Spread, 0.2
UB_BossWarband.BleedBuff.Dot.Duration, 8.0
UB_BossWarband.BleedBuff.Dot.TickInterval, 1.5
UB_BossWarband.DotAura.Self.DamageScale, 1.1
UB_BossWarband.DotAura.Self.SizeScale, 1.6
UB_BossWarband.DotAura.Self.MaxHealthMultiplier, 2.0
UB_BossWarband.DotAura.Aura.Radius, 3000.0
UB_BossWarband.DotAura.Aura.IntCoefficient, 0.2
UB_BossWarband.DotAura.Aura.Spread, 0.2
UB_BossWarband.DotAura.Aura.TickInterval, 1.0
UB_BossWarband.SpawnNecroticMass.InitialMinCooldown, 30.0
UB_BossWarband.SpawnNecroticMass.InitialMaxCooldown, 30.0
UB_BossWarband.SpawnNecroticMass.MinCooldown, 45.0
UB_BossWarband.SpawnNecroticMass.MaxCooldown, 45.0
UB_BossWarband.SpawnNecroticMass.Radius, 500.0
UB_BossWarband.SpawnNecroticMass.FallDelay, 3.0
UB_BossWarband.SpawnNecroticMass.StrengthCoefficient, 1.0
UB_BossWarband.SpawnNecroticMass.Spread, 0.2
UB_BossWarband.SpawnEnemies.SoulstainedShambler.HealthLostPercent, 101.0
UB_BossWarband.SpawnEnemies.SoulstainedShambler.MaxSpawnCount, 0.0
UB_BossWarband.SpawnEnemies.FerventSoldier.HealthLostPercent, 12.5	
UB_BossWarband.SpawnEnemies.FerventSoldier.MaxSpawnCount, 6.0
UB_BossWarband.SpawnEnemies.DeadeyeArbalest.HealthLostPercent, 22.0
UB_BossWarband.SpawnEnemies.DeadeyeArbalest.MaxSpawnCount, 3.0
UB_BossWarband.SpawnEnemies.CadavrianBannerman.HealthLostPercent, 25.0
UB_BossWarband.SpawnEnemies.CadavrianBannerman.MaxSpawnCount, 1.0
UB_BossWarband.SpawnEnemies.NightclawBreacher.HealthLostPercent, 50.0
UB_BossWarband.SpawnEnemies.NightclawBreacher.MaxSpawnCount, 1.0
UB_BossWarband.SpawnEnemies.SoulstainedIncinerator.HealthLostPercent, 75.0
UB_BossWarband.SpawnEnemies.SoulstainedIncinerator.MaxSpawnCount, 1.0
UB_Crusader.MeleeAutoAttack.StrengthCoefficient, 1.0
UB_Crusader.MeleeAutoAttack.Spread, 0.4
UB_Crusader.MeleeAutoAttack.MaxRange, 500.0
UB_Crusader.MeleeAutoAttack.MinCooldown, 3.0
UB_Crusader.MeleeAutoAttack.MaxCooldown, 3.0
UB_Crusader.CastedHighestThreatDot.CastTime, 1.0
UB_Crusader.CastedHighestThreatDot.MaxRange, 500.0
UB_Crusader.CastedHighestThreatDot.Duration, 10.0
UB_Crusader.CastedHighestThreatDot.StrengthCoefficient, 0.5
UB_Crusader.CastedHighestThreatDot.Spread, 0.4
UB_Crusader.CastedHighestThreatDot.TickInterval, 1.0
UB_Crusader.CastedHighestThreatDot.InitialMinCooldown, 8.0
UB_Crusader.CastedHighestThreatDot.InitialMaxCooldown, 12.0
UB_Crusader.CastedHighestThreatDot.MinCooldown, 15.0
UB_Crusader.CastedHighestThreatDot.MaxCooldown, 15.0
UB_Crusader.CastedHighestThreatAoe.CastTime, 1.0
UB_Crusader.CastedHighestThreatAoe.StrengthCoefficient, 2.5
UB_Crusader.CastedHighestThreatAoe.Spread, 0.4
UB_Crusader.CastedHighestThreatAoe.InitialMinCooldown, 4.0
UB_Crusader.CastedHighestThreatAoe.InitialMaxCooldown, 6.0
UB_Crusader.CastedHighestThreatAoe.MinCooldown, 12.0
UB_Crusader.CastedHighestThreatAoe.MaxCooldown, 12.0
UB_Crusader.CastedHighestThreatAoe.MinRange, 0.0
UB_Crusader.CastedHighestThreatAoe.MaxRange, 500.0
UB_Crusader.CastedHighestThreatAoe.Width, 100.0
UB_CadavrianBannerman.ChargeFurthestTargetAoe.StrengthCoefficient, 2.0
UB_CadavrianBannerman.ChargeFurthestTargetAoe.DamageSpread, 0.4
UB_CadavrianBannerman.ChargeFurthestTargetAoe.AoeIntellectCoefficient, 0.5
UB_CadavrianBannerman.ChargeFurthestTargetAoe.AoeDamageSpread, 0.4
UB_CadavrianBannerman.ChargeFurthestTargetAoe.Duration, 10
UB_CadavrianBannerman.ChargeFurthestTargetAoe.ChargeDuration, 0.5
UB_CadavrianBannerman.ChargeFurthestTargetAoe.InitalMinCooldown, 30
UB_CadavrianBannerman.ChargeFurthestTargetAoe.InitalMaxCooldown, 30
UB_CadavrianBannerman.ChargeFurthestTargetAoe.SuccedingMinCooldown, 45
UB_CadavrianBannerman.ChargeFurthestTargetAoe.SuccedingMaxCooldown, 45
UB_CadavrianBannerman.ChargeFurthestTargetAoe.MaxRange, 3000
UB_CadavrianBannerman.ChargeFurthestTargetAoe.MinRange, 1500
UB_CadavrianBannerman.ChargeFurthestTargetAoe.AoePathWidth, 250
UB_CadavrianBannerman.ChargeFurthestTargetAoe.TickInterval, 1
UB_CadavrianBannerman.CastedHighestThreatAoe.CastDuration, 2.0
UB_CadavrianBannerman.CastedHighestThreatAoe.MaxRange, 500
UB_CadavrianBannerman.CastedHighestThreatAoe.Radius, 300
UB_CadavrianBannerman.CastedHighestThreatAoe.StrengthCoefficient, 2.0
UB_CadavrianBannerman.CastedHighestThreatAoe.Spread, 0.4
UB_CadavrianBannerman.CastedHighestThreatAoe.InitalMinCooldown, 15
UB_CadavrianBannerman.CastedHighestThreatAoe.InitalMaxCooldown, 15
UB_CadavrianBannerman.CastedHighestThreatAoe.SuccedingMinCooldown, 20
UB_CadavrianBannerman.CastedHighestThreatAoe.SuccedingMaxCooldown, 20
UB_ShadowboundPhalanx.MeleeAutoAttack.StrengthCoefficient, 1.0
UB_ShadowboundPhalanx.MeleeAutoAttack.Spread, 0.4
UB_ShadowboundPhalanx.MeleeAutoAttack.MaxRange, 500.0
UB_ShadowboundPhalanx.MeleeAutoAttack.MinCooldown, 2.2
UB_ShadowboundPhalanx.MeleeAutoAttack.MaxCooldown, 2.2
UB_Healer.MeleeAutoAttack.StrengthCoefficient, 1.0
UB_Healer.MeleeAutoAttack.Spread, 0.4
UB_Healer.MeleeAutoAttack.MaxRange, 500.0
UB_Healer.MeleeAutoAttack.MinCooldown, 2.0
UB_Healer.MeleeAutoAttack.MaxCooldown, 2.0
UB_Healer.CastedAoeHeal.CastTime, 3.0
UB_Healer.CastedAoeHeal.Duration, 10.0
UB_Healer.CastedAoeHeal.MaxRange, 1000.0
UB_Healer.CastedAoeHeal.HealAmount, 0.02 	; Percentage of maximum health
UB_Healer.CastedAoeHeal.TickInterval, 1.0
UB_Healer.CastedAoeHeal.InitialMinCooldown, 20.0
UB_Healer.CastedAoeHeal.InitialMaxCooldown, 20.0
UB_Healer.CastedAoeHeal.MinCooldown, 40.0 
UB_Healer.CastedAoeHeal.MaxCooldown, 40.0
UB_Healer.CastedReducedDamageAoe.CastTime, 2.0
UB_Healer.CastedReducedDamageAoe.Duration, 5.0
UB_Healer.CastedReducedDamageAoe.DamageReduction, 0.75	; 0.75 is 25%
UB_Healer.CastedReducedDamageAoe.MaxRange, 1000.0
UB_Healer.CastedReducedDamageAoe.InitialMinCooldown, 10.0
UB_Healer.CastedReducedDamageAoe.InitialMaxCooldown, 10.0
UB_Healer.CastedReducedDamageAoe.MinCooldown, 25.0 
UB_Healer.CastedReducedDamageAoe.MaxCooldown, 25.0
UB_SoulSpreader.MeleeAutoAttack.StrengthCoefficient, 1.27		
UB_SoulSpreader.MeleeAutoAttack.MaxRange, 550.0
UB_SoulSpreader.MeleeAutoAttack.Cooldown, 1.95
UB_SoulSpreader.CastedRangedProjectileInstantDamage.Cooldown, 0.0				
UB_SoulSpreader.CastedRangedProjectileInstantDamage.InterruptCooldown, 6.0
UB_SoulSpreader.CastedRangedProjectileInstantDamage.IntellectCoefficient, 2.49
UB_SoulSpreader.CastedRangedProjectileInstantDamage.MaxRange, 3000.0
UB_SoulSpreader.CastedRangedProjectileInstantDamage.CastTime, 2.0
UB_SoulSpreader.SoakDebuff.InitialMinCooldown, 12.0				
UB_SoulSpreader.SoakDebuff.InitialMaxCooldown, 20.0
UB_SoulSpreader.SoakDebuff.Cooldown, 20.0
UB_SoulSpreader.SoakDebuff.MinRange, 0.0
UB_SoulSpreader.SoakDebuff.MaxRange, 4000.0
UB_SoulSpreader.SoakDebuff.Debuff.SoakRadius, 300.0
UB_SoulSpreader.SoakDebuff.Debuff.Duration, 6.0
UB_SoulSpreader.SoakDebuff.Debuff.TickInterval, 5.99
UB_SoulSpreader.SoakDebuff.Damage.IntCoefficient, 9.48
UB_SoulSpreader.SoakDebuff.TargetCount, 1.0
UB_SoulSpreader.SoakDebuff.DifficultyUnlocked, 10.0
UB_SoulSpreader.CastedPartyAoeDebuff.InitialMinCooldown, 5.0	; NIGHTBOUND MAGI - SHADOW ERUPTION
UB_SoulSpreader.CastedPartyAoeDebuff.InitialMaxCooldown, 18.0
UB_SoulSpreader.CastedPartyAoeDebuff.Cooldown, 20.0 
UB_SoulSpreader.CastedPartyAoeDebuff.InterruptCooldown, 15.0 
UB_SoulSpreader.CastedPartyAoeDebuff.MaxNumPlayers, 4		; All players for now
UB_SoulSpreader.CastedPartyAoeDebuff.CastTime, 3.0
UB_SoulSpreader.CastedPartyAoeDebuff.IntellectCoefficient, 7.21
UB_SoulSpreader.CastedPartyAoeDebuff.Radius, 4000.0
UB_SoulSpreader.CastedPartyAoeDebuff.Height, 350.0
UB_SoulSpreader.CastedPartyAoeDebuff.Debuff.Duration, 30.0
UB_SoulSpreader.CastedPartyAoeDebuff.Debuff.IncomingMagicDamageScaler, 1.5
UB_SoulSpreader.ChanneledFriendlyBuff.CastTime, 3.0				; Disabled	
UB_SoulSpreader.ChanneledFriendlyBuff.MaxDetectionRange, 2000	; How far can the character detect targets
UB_SoulSpreader.ChanneledFriendlyBuff.MaxRange, 2000			; How far away can the character be to its target
UB_SoulSpreader.ChanneledFriendlyBuff.MinRange, 1000			; How close can the character be to its target
UB_SoulSpreader.ChanneledFriendlyBuff.DamageScaleIncrease, 2.0
UB_BossWarMachine.MeleeRangeAoeExplosion.StrengthCoefficient, 3.00
UB_BossWarMachine.MeleeRangeAoeExplosion.Spread, 0.4 
UB_BossWarMachine.MeleeRangeAoeExplosion.DamageRange, 10000 
UB_BossWarMachine.MeleeRangeAoeExplosion.CastingDuration, 2.0 
UB_BossWarMachine.MeleeRangeAoeExplosion.TickInterval, 1.0 
UB_BossWarMachine.BonusStackDot.DotStrengthCoefficientPerTick, 0.1
UB_BossWarMachine.BonusStackDot.DotSpread, 0.4
UB_BossWarMachine.BonusStackDot.DotTickInterval, 1.0
UB_BossWarMachine.BonusStackDot.DotDuration, 10.0
UB_BossWarMachine.AoeCones.InitialMinCooldown, 13.0
UB_BossWarMachine.AoeCones.InitialMaxCooldown, 16.0
UB_BossWarMachine.AoeCones.MinCooldown, 30.0
UB_BossWarMachine.AoeCones.MaxCooldown, 38.0
UB_BossWarMachine.AoeCones.StrengthCoefficient, 2.00  
UB_BossWarMachine.AoeCones.Spread, 0.4  
UB_BossWarMachine.AoeCones.ConeAngle, 35.0 ;					Represents the angle of each pizza-cone
UB_BossWarMachine.AoeCones.ConeLength, 6000.0
UB_BossWarMachine.AoeCones.SideConeRotationDegrees, 45.0 ;		This is the rotation of the left and right pizza-cones offset from the middle one. 45 means the side slices would be +/- 45 degrees offsetted from the middle (mid = straight out from the boss towards the middle of arena)
UB_BossWarMachine.AoeCones.ConeActivationDelay, 1.5 ;			Time from it indicates the area until first instance of damage is taken
UB_BossWarMachine.MassAoeDot.InitialMinCooldown, 20	
UB_BossWarMachine.MassAoeDot.InitialMaxCooldown, 20	
UB_BossWarMachine.MassAoeDot.MinCooldown, 10.0	
UB_BossWarMachine.MassAoeDot.MaxCooldown, 10.0	
UB_BossWarMachine.MassAoeDot.Radius, 10000.0	
UB_BossWarMachine.MassAoeDot.MinTargets, 4.0
UB_BossWarMachine.MassAoeDot.MaxTargets, 4.0
UB_BossWarMachine.MassAoeDot.DotStrengthCoefficientPerTick, 0.1
UB_BossWarMachine.MassAoeDot.DotSpread, 0.4	
UB_BossWarMachine.MassAoeDot.DotTickInterval, 2.0
UB_BossWarMachine.SpawnHealingMinion.InitialMinCooldown, 27.0	
UB_BossWarMachine.SpawnHealingMinion.InitialMaxCooldown, 32.0	
UB_BossWarMachine.SpawnHealingMinion.MinCooldown, 30.0	
UB_BossWarMachine.SpawnHealingMinion.MaxCooldown, 30.0	
UB_BossWarMachine.SpawnHealingMinion.TotalSpawns, 1					; WARNING: If this number exceeds number of spawn point in the level it will be automatically set to that max nr
UB_BossWarMachine.LinkTargets.InitialMinCooldown, 12.0	
UB_BossWarMachine.LinkTargets.InitialMaxCooldown, 16.0	
UB_BossWarMachine.LinkTargets.MinCooldown, 34.0	
UB_BossWarMachine.LinkTargets.MaxCooldown, 36.0	
UB_BossWarMachine.LinkTargets.MinTargets, 2
UB_BossWarMachine.LinkTargets.MaxTargets, 3
UB_BossWarMachine.LinkTargets.BreakRange, 600 ;
UB_BossWarMachine.LinkTargets.DotStrengthCoefficientPerTick, 7.3  
UB_BossWarMachine.LinkTargets.Spread, 0.4  
UB_BossWarMachine.LinkTargets.DotTickInterval, 1.0  
UB_BossWarMachine.LinkTargets.MoveSpeedReductionScale, 0.8			; This means 20% reduction
UB_HealingMinion.HealMaster.CastingDuration, 1.5
UB_HealingMinion.HealMaster.HealPercentageOfTargetMaxHealth, 0.10
UB_HealingMinion.HealMaster.Spread, 0.4	
UB_HealingMinion.HealMaster.Range, 650								; Mind this value. For now it's a bit buggy with character collisions. Short range might end up in collision and ability will be stuck
UB_HealingMinion.HealMaster.SearchRadius, 10000
UB_HealingMinion.PostDeathCleanse.Radius, 250	
UB_HealingMinion.PostDeathCleanse.AoeDuration, 6.0	
UB_HealingMinion.PostDeathCleanse.DamageReduction, 0.5	
UB_BossLifebringer.MeleeAutoAttack.StrengthCoefficient, 2.50
UB_BossLifebringer.MeleeAutoAttack.Spread, 0.4
UB_BossLifebringer.MeleeAutoAttack.MaxRange, 500.0
UB_BossLifebringer.MeleeAutoAttack.MinCooldown, 2.0
UB_BossLifebringer.MeleeAutoAttack.MaxCooldown, 2.0
UB_BossLifebringer.Ressurect.CastTime, 5.0
UB_BossLifebringer.Ressurect.InitialMinCooldown, 15.0
UB_BossLifebringer.Ressurect.InitialMaxCooldown, 15.0
UB_BossLifebringer.Ressurect.MinCooldown, 30.0
UB_BossLifebringer.Ressurect.MaxCooldown, 30.0
UB_BossLifebringer.Ressurect.DamageIncrease, 1.25
UB_BossLifebringer.Caster.MeleeAutoAttack.StrengthCoefficient, 1.0
UB_BossLifebringer.Caster.MeleeAutoAttack.Spread, 0.4
UB_BossLifebringer.Caster.MeleeAutoAttack.MaxRange, 500.0
UB_BossLifebringer.Caster.MeleeAutoAttack.MinCooldown, 2.0
UB_BossLifebringer.Caster.MeleeAutoAttack.MaxCooldown, 2.0
UB_BossLifebringer.Caster.CastedProjectile.IntellectCoefficient, 2.0
UB_BossLifebringer.Caster.CastedProjectile.Spread, 0.4
UB_BossLifebringer.Caster.CastedProjectile.MaxRange, 2500.0
UB_BossLifebringer.Caster.CastedProjectile.InitialMinCooldown, 1.0
UB_BossLifebringer.Caster.CastedProjectile.InitialMaxCooldown, 1.0
UB_BossLifebringer.Caster.CastedProjectile.MinCancelCooldown, 5.0
UB_BossLifebringer.Caster.CastedProjectile.MaxCancelCooldown, 5.0
UB_BossLifebringer.Caster.CastedProjectile.MinCooldown, 0.0
UB_BossLifebringer.Caster.CastedProjectile.MaxCooldown, 0.0
UB_BossLifebringer.Caster.CastedProjectile.CastTime, 2.0
UB_BossLifebringer.Caster.CastedProjectile.HasteBuffPercentage, 0.1
UB_BossLifebringer.Caster.CastedProjectile.HasteBuffMaxStack, 10.0 
UB_BossLifebringer.Caster.CastedProjectile.HasteBuffDuration, 20.0 
UB_BossLifebringer.Warrior.MeleeAutoAttack.StrengthCoefficient, 2.0
UB_BossLifebringer.Warrior.MeleeAutoAttack.Spread, 0.4
UB_BossLifebringer.Warrior.MeleeAutoAttack.MaxRange, 500.0
UB_BossLifebringer.Warrior.MeleeAutoAttack.MinCooldown, 2.0
UB_BossLifebringer.Warrior.MeleeAutoAttack.MaxCooldown, 2.0
UB_BossLifebringer.Warrior.FrontalConeAttack.StrengthCoefficient, 2.0
UB_BossLifebringer.Warrior.FrontalConeAttack.Spread, 0.4
UB_BossLifebringer.Warrior.FrontalConeAttack.MaxRange, 500.0
UB_BossLifebringer.Warrior.FrontalConeAttack.ConeAngle, 90.0
UB_BossLifebringer.Warrior.FrontalConeAttack.InitialMinCooldown, 1.0
UB_BossLifebringer.Warrior.FrontalConeAttack.InitialMaxCooldown, 1.0
UB_BossLifebringer.Warrior.FrontalConeAttack.MinCooldown, 10.0
UB_BossLifebringer.Warrior.FrontalConeAttack.MaxCooldown, 10.0
UB_BossLifebringer.Warrior.FrontalConeAttack.CastTime, 2.0
UB_BossLifebringer.Warrior.RangedDotProjectile.StrengthCoefficient, 2.0
UB_BossLifebringer.Warrior.RangedDotProjectile.Spread, 0.4
UB_BossLifebringer.Warrior.RangedDotProjectile.Dot.StrengthCoefficient, 0.40
UB_BossLifebringer.Warrior.RangedDotProjectile.Dot.TickRate, 1.0
UB_BossLifebringer.Warrior.RangedDotProjectile.Dot.Duration, 5.0 
UB_BossLifebringer.Warrior.RangedDotProjectile.HealReductionPercentage, 0.85
UB_BossLifebringer.Warrior.RangedDotProjectile.MaxRange, 1500.0
UB_BossLifebringer.Warrior.RangedDotProjectile.InitalMinCooldown, 5.0
UB_BossLifebringer.Warrior.RangedDotProjectile.InitalMaxCooldown, 5.0
UB_BossLifebringer.Warrior.RangedDotProjectile.MinCooldown, 15.0
UB_BossLifebringer.Warrior.RangedDotProjectile.MaxCooldown, 15.0
UB_BossLifebringer.Warrior.RangedDotProjectile.CastTime, 0.5
UB_BossLifebringer.Lunatic.MeleeAutoAttack.StrengthCoefficient, 1.0
UB_BossLifebringer.Lunatic.MeleeAutoAttack.Spread, 0.4
UB_BossLifebringer.Lunatic.MeleeAutoAttack.MaxRange, 500.0
UB_BossLifebringer.Lunatic.MeleeAutoAttack.MinCooldown, 2.0
UB_BossLifebringer.Lunatic.MeleeAutoAttack.MaxCooldown, 2.0
UB_BossLifebringer.Lunatic.BombToss.IntellectCoefficient, 4.0
UB_BossLifebringer.Lunatic.BombToss.Spread, 0.4
UB_BossLifebringer.Lunatic.BombToss.InitialMinCooldown, 6.0
UB_BossLifebringer.Lunatic.BombToss.InitialMaxCooldown, 6.0
UB_BossLifebringer.Lunatic.BombToss.MinCooldown, 5.0
UB_BossLifebringer.Lunatic.BombToss.MaxCooldown, 10.0
UB_BossLifebringer.Lunatic.BombToss.MaxRange, 2000.0
UB_BossLifebringer.Lunatic.BombToss.Radius, 300.0
UB_BossLifebringer.Lunatic.BombToss.TrajectoryTime, 1.5
UB_BossLifebringer.Lunatic.BombToss.DetonateTime, 1.5
UB_BossLifebringer.Lunatic.ChasePlayer.IntellectCoefficient, 0.0
UB_BossLifebringer.Lunatic.ChasePlayer.Spread, 0.4
UB_BossLifebringer.Lunatic.ChasePlayer.InitialMinCooldown, 14.0
UB_BossLifebringer.Lunatic.ChasePlayer.InitialMaxCooldown, 28.0
UB_BossLifebringer.Lunatic.ChasePlayer.MinCooldown, 25.0
UB_BossLifebringer.Lunatic.ChasePlayer.MaxCooldown, 25.0
UB_BossLifebringer.Lunatic.ChasePlayer.StunDuration, 2.0
UB_BossLifebringer.Lunatic.ChasePlayer.ProximityTolerance, 100.0
UB_BossLifebringer.Lunatic.ChasePlayer.ExplosionRadius, 400.0
UB_BossLifebringer.Lunatic.ChasePlayer.ChaseDuration, 5.0
UB_BossLifebringer.Lunatic.ChasePlayer.MaxRange, 4000.0
UB_BossLifebringer.Lunatic.ChasePlayer.CastTime, 2.0
UB_PowerUp.Shared.CastTime, 0.0
UB_PowerUp.BannerOfUrgency.MovementSpeedIncrease, 1.15
UB_PowerUp.BannerOfProtection.MaxHealthShieldPercentage, 0.1
UB_PowerUp.BannerOfProcetion.Duration, 30.0
UB_PowerUp.BannerOfRetribution.BaseDamage, 600.0
UB_PowerUp.BannerOfRetribution.ContractLevelMultiplier, 0.1
UB_PowerUp.BannerOfRetribution.RechargeDuration, 10.0
UB_PowerUp.BannerOfRetribution.MaxTargets, 4.0
UB_PowerUp.BannerOfRetribution.JumpDistance, 500.0
UB_PowerUp.BannerOfRetribution.Duration, 600.0
